{
  "channel_0": {
    "x": -2453.8710675786924,
    "y": -4189.7375279160615,
    "z": -3415.687639580306,
    "axial": 20.0,
    "lateral": 43.0,
    "brain_region_id": 0,
    "brain_region": "void"
  },
  "channel_1": {
    "x": -2453.8710675786924,
    "y": -4189.7375279160615,
    "z": -3415.687639580306,
    "axial": 20.0,
    "lateral": 11.0,
    "brain_region_id": 0,
    "brain_region": "void"
  }
}